,7oldsamr.txt,alissadl.txt,aminegg.txt,bestwish.txt,burn.txt,crabhern.txt,mydream.txt,narciss.txt
abilities,0.0,0.0,0.0,0.0,0.05475,0.0,0.0,0.0
ability,0.0,0.04925,0.0,0.0,0.0,0.0,0.0,0.0
able,0.0,0.0,0.0,0.0,0.05475,0.0,0.0,0.0
absolve,0.0,0.0,0.0,0.0,0.05475,0.0,0.0,0.0
actual,0.0,0.04925,0.0,0.0,0.0,0.0,0.0,0.0
adjourning,0.0,0.0,0.05322,0.0,0.0,0.0,0.0,0.0
administer,0.0,0.04925,0.0,0.0,0.0,0.0,0.0,0.0
admire,0.0,0.04128,0.0,0.0,0.0,0.0,0.0,0.0607
admired,0.0,0.0,0.0,0.0,0.0,0.0,0.0,0.07243
admiring,0.0,0.0,0.0,0.0,0.0,0.0,0.0,0.07243
advice,0.0,0.0,0.0,0.0,0.0,0.04765,0.0,0.0
age,0.0,0.0,0.0,0.0,0.0,0.04765,0.0,0.0
ago,0.0,0.0,0.05322,0.0,0.0,0.0,0.0,0.0
agreed,0.0,0.0,0.0446,0.0,0.0,0.03994,0.0,0.0
air,0.0,0.0,0.0446,0.0,0.0,0.0,0.04017,0.0
ali,0.0,0.54178,0.0,0.0,0.0,0.0,0.0,0.0
allow,0.0,0.0,0.0,0.0,0.05475,0.0,0.0,0.0
amin,0.0,0.0,0.58539,0.0,0.0,0.0,0.0,0.0
ancient,0.0,0.0,0.0,0.0,0.0,0.0,0.0,0.07243
andy,0.0,0.0,0.0,0.0,0.0,0.0,0.04794,0.0
angry,0.0,0.04128,0.0,0.0,0.04589,0.0,0.0,0.0
answered,0.0,0.0,0.0,0.0,0.0,0.0,0.04794,0.0
antagonist,0.0,0.0,0.0,0.0,0.05475,0.0,0.0,0.0
appeared,0.0,0.0,0.05322,0.0,0.0,0.0,0.0,0.0
applauded,0.0,0.04925,0.0,0.0,0.0,0.0,0.0,0.0
appointed,0.0,0.0,0.05322,0.0,0.0,0.0,0.0,0.0
armour,0.04999,0.0,0.0,0.0,0.0,0.0,0.0,0.0
army,0.09997,0.0,0.0,0.0,0.0,0.0,0.0,0.0
asked,0.0,0.03562,0.03849,0.0,0.0,0.03446,0.0,0.0
asking,0.0,0.0,0.05322,0.0,0.0,0.0,0.0,0.0
ate,0.04999,0.0,0.0,0.0,0.0,0.0,0.0,0.0
attack,0.04999,0.0,0.0,0.0,0.0,0.0,0.0,0.0
attacked,0.04999,0.0,0.0,0.0,0.0,0.0,0.0,0.0
avoid,0.0,0.0,0.0,0.0,0.0,0.04765,0.0,0.0
awake,0.0,0.0,0.0,0.0,0.0,0.0,0.14381,0.0
away,0.0,0.0,0.0446,0.0,0.0,0.07987,0.0,0.0
awful,0.0,0.0,0.0,0.0,0.0,0.04765,0.0,0.0
bad,0.0,0.0,0.0,0.04724,0.0,0.0,0.0,0.0
balance,0.0,0.0,0.0,0.0,0.0,0.0,0.0,0.07243
band,0.04999,0.0,0.0,0.0,0.0,0.0,0.0,0.0
bandits,0.14996,0.0,0.0,0.0,0.0,0.0,0.0,0.0
banks,0.0,0.0,0.0,0.0,0.0,0.04765,0.0,0.0
barely,0.0,0.0,0.0,0.0,0.0,0.0,0.09587,0.0
battered,0.04999,0.0,0.0,0.0,0.0,0.0,0.0,0.0
battle,0.0,0.0,0.0,0.0,0.05475,0.0,0.0,0.0
beak,0.0,0.0,0.0,0.0,0.0,0.04765,0.0,0.0
beans,0.0,0.0,0.10644,0.0,0.0,0.0,0.0,0.0
beautiful,0.0,0.0,0.0,0.03959,0.0,0.0,0.0,0.12141
beauty,0.0,0.0,0.0,0.0,0.0,0.0,0.0,0.14486
bed,0.0,0.0,0.0,0.0,0.0,0.0,0.23968,0.0
bedroom,0.0,0.0,0.0,0.0,0.0,0.0,0.04794,0.0
began,0.0,0.0,0.0,0.0,0.0,0.04765,0.0,0.0
beggars,0.04999,0.0,0.0,0.0,0.0,0.0,0.0,0.0
begged,0.0,0.0,0.0,0.0,0.0,0.04765,0.0,0.0
begins,0.0,0.0,0.0,0.0,0.10951,0.0,0.0,0.0
believed,0.0,0.0,0.0,0.0,0.05475,0.0,0.0,0.0
bend,0.0,0.0,0.0,0.0,0.0,0.04765,0.0,0.0
bent,0.0,0.0,0.0,0.0,0.0,0.0,0.0,0.07243
bidding,0.04999,0.0,0.0,0.0,0.0,0.0,0.0,0.0
big,0.0,0.0,0.0,0.0,0.0,0.0,0.04794,0.0
birds,0.0,0.0,0.0,0.0,0.0,0.04765,0.0,0.0
bitch,0.0,0.0,0.0,0.0,0.0,0.0,0.04794,0.0
bitterness,0.0,0.0,0.0,0.0,0.05475,0.0,0.0,0.0
black,0.0,0.0,0.05322,0.0,0.0,0.0,0.0,0.0
blame,0.0,0.0,0.0,0.0,0.05475,0.0,0.0,0.0
blink,0.09997,0.0,0.0,0.0,0.0,0.0,0.0,0.0
bloodthirsty,0.04999,0.0,0.0,0.0,0.0,0.0,0.0,0.0
blossoms,0.0,0.0,0.0,0.0,0.0,0.0,0.0,0.07243
blowing,0.04999,0.0,0.0,0.0,0.0,0.0,0.0,0.0
body,0.0,0.0,0.0,0.0,0.0,0.0,0.0,0.14486
boiled,0.0,0.0,0.21287,0.0,0.0,0.0,0.0,0.0
bones,0.0,0.0,0.0,0.0,0.0,0.04765,0.0,0.0
born,0.0,0.0,0.0,0.04724,0.0,0.0,0.0,0.0
bother,0.0,0.0,0.0,0.04724,0.0,0.0,0.0,0.0
bottle,0.04999,0.0,0.0,0.0,0.0,0.0,0.0,0.0
bought,0.0,0.0,0.05322,0.0,0.0,0.0,0.0,0.0
bowed,0.0,0.04925,0.0,0.0,0.0,0.0,0.0,0.0
boy,0.0,0.0,0.0,0.03959,0.04589,0.0,0.0,0.0
boyfriend,0.0,0.0,0.0,0.0,0.05475,0.0,0.0,0.0
boys,0.0,0.0,0.0,0.0,0.05475,0.0,0.0,0.0
brass,0.0,0.0,0.0,0.0,0.0,0.0,0.04794,0.0
breath,0.0,0.0,0.05322,0.0,0.0,0.0,0.0,0.0
bring,0.0,0.04925,0.0,0.0,0.0,0.0,0.0,0.0
brother,0.0,0.0,0.0,0.0,0.09178,0.0,0.1607,0.0
brought,0.0,0.04925,0.0,0.0,0.0,0.0,0.0,0.0
bunk,0.0,0.0,0.0,0.0,0.0,0.0,0.04794,0.0
burn,0.0,0.0,0.0,0.0,0.16426,0.0,0.0,0.0
burned,0.04999,0.0,0.0,0.0,0.0,0.0,0.0,0.0
buy,0.0,0.0,0.0,0.0,0.05475,0.0,0.0,0.0
called,0.0,0.07124,0.03849,0.0,0.0,0.0,0.0,0.10476
calm,0.0,0.0,0.0,0.0,0.0,0.0,0.04794,0.0
came,0.0,0.0,0.0,0.0,0.0,0.0,0.09587,0.0
camel,0.0,0.0,0.05322,0.0,0.0,0.0,0.0,0.0
cares,0.04999,0.0,0.0,0.0,0.0,0.0,0.0,0.0
carry,0.0,0.0,0.0,0.0,0.0,0.04765,0.0,0.0
cartoon,0.0,0.0,0.0,0.0,0.0,0.0,0.04794,0.0
carve,0.0,0.0,0.0,0.0,0.0,0.0,0.0,0.07243
case,0.0,0.0,0.05322,0.0,0.0,0.0,0.0,0.0
catch,0.0,0.0,0.0,0.0,0.0,0.04765,0.0,0.0
caused,0.0,0.0,0.0,0.0,0.05475,0.0,0.0,0.0
cave,0.09997,0.0,0.0,0.0,0.0,0.0,0.0,0.0
cement,0.0,0.0,0.0,0.0,0.0,0.0,0.09587,0.0
centre,0.0,0.0,0.0,0.0,0.05475,0.0,0.0,0.0
certain,0.0,0.0,0.0,0.0,0.0,0.04765,0.0,0.0
certainly,0.0,0.0,0.0,0.0,0.0,0.04765,0.0,0.0
chance,0.0,0.0,0.0,0.03959,0.0,0.0,0.0,0.0607
chanced,0.04999,0.0,0.0,0.0,0.0,0.0,0.0,0.0
change,0.0,0.0,0.0,0.03959,0.04589,0.0,0.0,0.0
changed,0.0,0.0,0.0,0.18896,0.0,0.0,0.0,0.0
chanting,0.0,0.0,0.0,0.0,0.0,0.0,0.04794,0.0
charges,0.0,0.0,0.0,0.0,0.05475,0.0,0.0,0.0
charmed,0.0,0.04925,0.0,0.0,0.0,0.0,0.0,0.0
chatterbox,0.0,0.0,0.0,0.0,0.0,0.04765,0.0,0.0
cheek,0.0,0.04925,0.0,0.0,0.0,0.0,0.0,0.0
cheered,0.0,0.04925,0.0,0.0,0.0,0.0,0.0,0.0
chickens,0.0,0.0,0.15965,0.0,0.0,0.0,0.0,0.0
choise,0.0,0.0,0.0,0.04724,0.0,0.0,0.0,0.0
choose,0.0,0.04925,0.0,0.0,0.0,0.0,0.0,0.0
chuckled,0.0,0.04925,0.0,0.0,0.0,0.0,0.0,0.0
clapped,0.0,0.04925,0.0,0.0,0.0,0.0,0.0,0.0
clear,0.0,0.0,0.0,0.0,0.0,0.0,0.04017,0.0607
climb,0.04189,0.0,0.0,0.0,0.0,0.03994,0.0,0.0
close,0.0,0.0,0.0,0.0,0.0,0.0,0.0,0.07243
closer,0.0,0.0,0.0,0.0,0.04589,0.0,0.0,0.0607
closet,0.0,0.0,0.0,0.0,0.0,0.0,0.04794,0.0
clouds,0.04999,0.0,0.0,0.0,0.0,0.0,0.0,0.0
clung,0.0,0.0,0.0,0.0,0.0,0.04765,0.0,0.0
cockerels,0.0,0.0,0.05322,0.0,0.0,0.0,0.0,0.0
coins,0.0,0.0,0.10644,0.0,0.0,0.0,0.0,0.0
cold,0.04189,0.0,0.0,0.0,0.0,0.0,0.0,0.0607
colossal,0.0,0.0,0.0,0.0,0.05475,0.0,0.0,0.0
combustion,0.0,0.0,0.0,0.0,0.05475,0.0,0.0,0.0
come,0.12567,0.0,0.0,0.0,0.0,0.0,0.0,0.0607
coming,0.0,0.0,0.0,0.0,0.0,0.0953,0.0,0.0
command,0.04999,0.0,0.0,0.0,0.0,0.0,0.0,0.0
communicate,0.0,0.0,0.0,0.0,0.05475,0.0,0.0,0.0
comparing,0.0,0.04925,0.0,0.0,0.0,0.0,0.0,0.0
computer,0.0,0.0,0.0,0.0,0.0,0.0,0.04794,0.0
confused,0.0,0.0,0.0,0.0,0.05475,0.0,0.0,0.0
considers,0.0,0.0,0.0,0.0,0.05475,0.0,0.0,0.0
contained,0.04999,0.0,0.0,0.0,0.0,0.0,0.0,0.0
continue,0.0,0.0,0.0,0.0,0.05475,0.0,0.0,0.0
control,0.0,0.0,0.0,0.0,0.0,0.0,0.09587,0.0
controlling,0.0,0.0,0.0,0.0,0.05475,0.0,0.0,0.0
corner,0.09997,0.0,0.0,0.0,0.0,0.0,0.0,0.0
correct,0.0,0.0,0.0,0.04724,0.0,0.0,0.0,0.0
couldn,0.0,0.0,0.0,0.0,0.0,0.0,0.09587,0.0
counted,0.0,0.0,0.0,0.04724,0.0,0.0,0.0,0.0
course,0.0,0.0,0.10644,0.0,0.0,0.0,0.0,0.0
court,0.0,0.04128,0.0446,0.0,0.0,0.0,0.0,0.0
covered,0.04999,0.0,0.0,0.0,0.0,0.0,0.0,0.0
crab,0.0,0.0,0.0,0.0,0.0,0.42886,0.0,0.0
crabs,0.0,0.0,0.0,0.0,0.0,0.04765,0.0,0.0
credit,0.0,0.0,0.15965,0.0,0.0,0.0,0.0,0.0
creditcards,0.0,0.0,0.0,0.04724,0.0,0.0,0.0,0.0
cried,0.0,0.04925,0.0,0.0,0.0,0.0,0.0,0.0
crisis,0.0,0.0,0.0,0.0,0.05475,0.0,0.0,0.0
crop,0.0,0.0,0.05322,0.0,0.0,0.0,0.0,0.0
crops,0.0,0.0,0.05322,0.0,0.0,0.0,0.0,0.0
crowned,0.0,0.0,0.0,0.0,0.0,0.0,0.0,0.07243
curly,0.0,0.0,0.0,0.0,0.0,0.0,0.0,0.07243
cuz,0.0,0.0,0.0,0.0,0.0,0.0,0.04794,0.0
dallying,0.0,0.0,0.0,0.0,0.0,0.04765,0.0,0.0
dan,0.0,0.0,0.0,0.0,0.10951,0.0,0.0,0.0
dark,0.0,0.0,0.0,0.0,0.0,0.0,0.0,0.07243
dashed,0.0,0.0,0.05322,0.0,0.0,0.0,0.0,0.0
day,0.0,0.0,0.03374,0.05991,0.0,0.03021,0.0,0.09185
days,0.03615,0.0,0.0,0.0,0.0396,0.03446,0.0,0.0
dead,0.04999,0.0,0.0,0.0,0.0,0.0,0.0,0.0
deal,0.0,0.0,0.0,0.0,0.0,0.04765,0.0,0.0
dearest,0.0,0.04925,0.0,0.0,0.0,0.0,0.0,0.0
death,0.0,0.0,0.0,0.0,0.05475,0.0,0.0,0.0
deaths,0.0,0.0,0.0,0.0,0.05475,0.0,0.0,0.0
debt,0.0,0.0,0.05322,0.0,0.0,0.0,0.0,0.0
decided,0.0,0.0,0.03374,0.0,0.0,0.03021,0.0304,0.04593
defence,0.0,0.0,0.05322,0.0,0.0,0.0,0.0,0.0
delighted,0.0,0.04925,0.0,0.0,0.0,0.0,0.0,0.0
demands,0.0,0.0,0.05322,0.0,0.0,0.0,0.0,0.0
deposit,0.0,0.0,0.0,0.0,0.0,0.04765,0.0,0.0
desert,0.0,0.04925,0.0,0.0,0.0,0.0,0.0,0.0
deserve,0.0,0.04925,0.0,0.0,0.0,0.0,0.0,0.0
deserver,0.0,0.0,0.0,0.04724,0.0,0.0,0.0,0.0
deside,0.0,0.0,0.0,0.04724,0.0,0.0,0.0,0.0
desire,0.0,0.0,0.0,0.0,0.0,0.0,0.0,0.07243
desolation,0.04999,0.0,0.0,0.0,0.0,0.0,0.0,0.0
destroyed,0.0,0.0,0.0,0.0,0.05475,0.0,0.0,0.0
develops,0.0,0.0,0.0,0.0,0.05475,0.0,0.0,0.0
devotion,0.0,0.0,0.0,0.0,0.05475,0.0,0.0,0.0
did,0.0,0.03562,0.03849,0.06833,0.0,0.0,0.0,0.0
didn,0.0,0.0,0.0,0.0,0.0,0.03994,0.04017,0.0
die,0.0,0.0,0.0,0.0,0.0,0.0,0.04794,0.0
died,0.0,0.0,0.0,0.0,0.0,0.0,0.0,0.07243
different,0.0,0.0,0.0,0.0,0.0,0.0,0.09587,0.0
dimension,0.0,0.0,0.0,0.0,0.0,0.0,0.04794,0.0
disable,0.0,0.0,0.0,0.09448,0.0,0.0,0.0,0.0
discovered,0.0,0.0,0.0,0.0,0.04589,0.0,0.0,0.0607
dived,0.0,0.0,0.0,0.0,0.0,0.04765,0.0,0.0
doesn,0.0,0.0,0.0,0.03959,0.04589,0.0,0.0,0.0
don,0.0,0.0,0.0,0.27331,0.0396,0.06892,0.0,0.0
donkey,0.0,0.08255,0.0446,0.0,0.0,0.0,0.0,0.0
door,0.0,0.0,0.05322,0.0,0.0,0.0,0.0,0.0
doubted,0.0,0.0,0.0,0.0,0.0,0.0,0.04794,0.0
downloading,0.0,0.0,0.0,0.0,0.0,0.0,0.04794,0.0
downstairs,0.0,0.0,0.0,0.0,0.0,0.0,0.09587,0.0
dozen,0.0,0.0,0.10644,0.0,0.0,0.0,0.0,0.0
dream,0.0,0.0,0.0,0.0,0.0,0.0,0.28762,0.0
dreamer,0.0,0.0,0.0,0.04724,0.0,0.0,0.0,0.0
dreaming,0.0,0.0,0.0,0.0,0.0,0.0,0.04794,0.0
dressed,0.04999,0.0,0.0,0.0,0.0,0.0,0.0,0.0
dried,0.0,0.0,0.0,0.0,0.0,0.0,0.04794,0.0
drink,0.04189,0.0,0.0,0.0,0.0,0.0,0.04017,0.0
drive,0.04999,0.0,0.0,0.0,0.0,0.0,0.0,0.0
dropped,0.04999,0.0,0.0,0.0,0.0,0.0,0.0,0.0
drought,0.0,0.0,0.05322,0.0,0.0,0.0,0.0,0.0
drowned,0.0,0.0,0.0,0.0,0.0,0.0,0.0,0.07243
eagerly,0.0,0.04925,0.0,0.0,0.0,0.0,0.0,0.0
earlier,0.0,0.0,0.0,0.0,0.05475,0.0,0.0,0.0
earth,0.0,0.0,0.0,0.0,0.0,0.0,0.0,0.07243
easy,0.0,0.0,0.0,0.0,0.0,0.04765,0.0,0.0
eat,0.04999,0.0,0.0,0.0,0.0,0.0,0.0,0.0
edges,0.0,0.04925,0.0,0.0,0.0,0.0,0.0,0.0
eeew,0.0,0.0,0.0,0.0,0.0,0.0,0.04794,0.0
eggs,0.0,0.0,0.26609,0.0,0.0,0.0,0.0,0.0
elderly,0.0,0.0,0.0,0.0,0.0,0.04765,0.0,0.0
emperor,0.19994,0.0,0.0,0.0,0.0,0.0,0.0,0.0
emptied,0.04999,0.0,0.0,0.0,0.0,0.0,0.0,0.0
encounter,0.0,0.0,0.0,0.0,0.0,0.0,0.04794,0.0
end,0.0,0.04128,0.0,0.0,0.0,0.07987,0.0,0.0
enjoy,0.0,0.0,0.0,0.04724,0.0,0.0,0.0,0.0
enjoyed,0.0,0.04925,0.0,0.0,0.0,0.0,0.0,0.0
enormous,0.0,0.0,0.0,0.0,0.0,0.0,0.04794,0.0
eventually,0.0,0.0,0.0,0.0,0.05475,0.0,0.0,0.0
evil,0.0,0.0,0.0,0.0,0.05475,0.0,0.0,0.0
exclaimed,0.0,0.0,0.05322,0.0,0.0,0.0,0.0,0.0
excuses,0.0,0.0,0.0,0.0,0.0,0.04765,0.0,0.0
expense,0.0,0.04925,0.0,0.0,0.0,0.0,0.0,0.0
eye,0.08378,0.0,0.0,0.0,0.0,0.03994,0.0,0.0
eyes,0.0,0.0,0.0,0.0,0.0,0.0,0.0,0.07243
face,0.0,0.0,0.0,0.03959,0.0,0.0,0.0,0.18211
fact,0.0,0.04925,0.0,0.0,0.0,0.0,0.0,0.0
faith,0.04999,0.0,0.0,0.0,0.0,0.0,0.0,0.0
fall,0.0,0.0,0.0,0.0,0.05475,0.0,0.0,0.0
falls,0.0,0.0,0.0,0.0,0.05475,0.0,0.0,0.0
family,0.0,0.0,0.0,0.0,0.10951,0.0,0.0,0.0
far,0.08378,0.0,0.0,0.0,0.0,0.03994,0.0,0.0
faultless,0.0,0.0,0.0,0.0,0.0,0.0,0.0,0.07243
feel,0.0,0.0,0.0,0.03416,0.0,0.03446,0.03467,0.0
feeling,0.0,0.0,0.0,0.0,0.0,0.0,0.04794,0.0
feelings,0.0,0.0,0.0,0.14172,0.0,0.0,0.0,0.0
feet,0.04999,0.0,0.0,0.0,0.0,0.0,0.0,0.0
felt,0.0,0.0,0.0,0.07918,0.0,0.0,0.12052,0.0
fierce,0.04999,0.0,0.0,0.0,0.0,0.0,0.0,0.0
figure,0.0,0.04925,0.0,0.0,0.0,0.0,0.0,0.0
filled,0.0,0.0,0.0,0.0,0.05475,0.0,0.0,0.0
fine,0.0,0.04128,0.0446,0.0,0.0,0.0,0.0,0.0
fish,0.0,0.0,0.0,0.0,0.0,0.47651,0.0,0.0
fishermen,0.0,0.0,0.0,0.0,0.0,0.0953,0.0,0.0
flew,0.0,0.0,0.0,0.0,0.0,0.0,0.04794,0.0
float,0.0,0.0,0.0,0.0,0.0,0.0,0.04794,0.0
flock,0.0,0.0,0.05322,0.0,0.0,0.0,0.0,0.0
floor,0.0,0.04925,0.0,0.0,0.0,0.0,0.0,0.0
flower,0.0,0.0,0.0,0.0,0.0,0.0,0.0,0.07243
folk,0.04189,0.04128,0.0,0.0,0.0,0.0,0.0,0.0
followed,0.0,0.0,0.05322,0.0,0.0,0.0,0.0,0.0
following,0.0,0.0,0.0,0.0,0.0,0.0,0.04794,0.0
follows,0.0,0.0,0.0,0.0,0.05475,0.0,0.0,0.0
food,0.09997,0.0,0.0,0.0,0.0,0.0,0.0,0.0
fool,0.0,0.0,0.05322,0.0,0.0,0.0,0.0,0.0
force,0.04999,0.0,0.0,0.0,0.0,0.0,0.0,0.0
forehead,0.0,0.04925,0.0,0.0,0.0,0.0,0.0,0.0
forest,0.0,0.0,0.0,0.0,0.0,0.07987,0.04017,0.0
forget,0.0,0.0,0.0,0.04724,0.0,0.0,0.0,0.0
forgot,0.0,0.04925,0.0,0.0,0.0,0.0,0.0,0.0
forgotten,0.0,0.0,0.0,0.0,0.0,0.0,0.0,0.07243
fortune,0.0,0.0,0.05322,0.0,0.0,0.0,0.0,0.0
fowls,0.0,0.0,0.05322,0.0,0.0,0.0,0.0,0.0
friend,0.0,0.0,0.0,0.04724,0.0,0.0,0.0,0.0
friends,0.0,0.0,0.0,0.0,0.0,0.04765,0.0,0.0
frightened,0.0,0.0,0.0,0.0,0.0,0.0953,0.0,0.0
frying,0.0,0.0,0.0,0.0,0.0,0.04765,0.0,0.0
fun,0.0,0.0985,0.0,0.0,0.0,0.0,0.0,0.0
gang,0.04999,0.0,0.0,0.0,0.0,0.0,0.0,0.0
garden,0.0,0.0,0.05322,0.0,0.0,0.0,0.0,0.0
gate,0.0,0.0,0.0,0.0,0.0,0.0,0.09587,0.0
gently,0.0,0.0,0.0,0.0,0.0,0.04765,0.0,0.0
gifted,0.0,0.0,0.0,0.0,0.05475,0.0,0.0,0.0
girls,0.0,0.0,0.0,0.0,0.0,0.0,0.04794,0.0
given,0.0,0.04128,0.0446,0.0,0.0,0.0,0.0,0.0
giving,0.0,0.04925,0.0,0.0,0.0,0.0,0.0,0.0
gleaming,0.0,0.0,0.0,0.0,0.0,0.0,0.0,0.07243
glib,0.0,0.0,0.0,0.0,0.0,0.04765,0.0,0.0
goatskin,0.04999,0.0,0.0,0.0,0.0,0.0,0.0,0.0
gods,0.0,0.0,0.0,0.0,0.0,0.0,0.0,0.14486
goes,0.0,0.0,0.0,0.09448,0.0,0.0,0.0,0.0
going,0.0,0.04128,0.0,0.0,0.0,0.03994,0.0,0.0
gold,0.0,0.0,0.05322,0.0,0.0,0.0,0.0,0.0
gone,0.0,0.0,0.0,0.0,0.0,0.04765,0.0,0.0
good,0.02806,0.02764,0.02987,0.07954,0.0,0.05349,0.0,0.0
got,0.0,0.0,0.0,0.03959,0.0,0.0,0.20087,0.0
graceful,0.0,0.0,0.0,0.0,0.0,0.0,0.0,0.07243
granting,0.0,0.04925,0.0,0.0,0.0,0.0,0.0,0.0
great,0.0,0.0,0.0446,0.0,0.0,0.03994,0.0,0.0
greatly,0.0,0.04128,0.0,0.0,0.0,0.0,0.0,0.0607
greece,0.0,0.0,0.0,0.0,0.0,0.0,0.0,0.07243
grey,0.04189,0.0,0.0,0.03959,0.0,0.0,0.0,0.0
ground,0.04189,0.0,0.0,0.0,0.0,0.03994,0.0,0.0
grow,0.0,0.0,0.0446,0.0,0.04589,0.0,0.0,0.0
guards,0.0,0.04925,0.0,0.0,0.0,0.0,0.0,0.0
gugh,0.0,0.0,0.0,0.0,0.0,0.0,0.33556,0.0
ha,0.0,0.0,0.0,0.0,0.0,0.0,0.09587,0.0
hadn,0.0,0.04128,0.0,0.0,0.0,0.0,0.04017,0.0
hair,0.0,0.0,0.0,0.0,0.0,0.0,0.0,0.07243
half,0.0,0.0,0.0,0.0,0.0,0.0,0.04794,0.0
halr,0.0,0.0,0.05322,0.0,0.0,0.0,0.0,0.0
hampton,0.0,0.0,0.0,0.0,0.05475,0.0,0.0,0.0
hands,0.03615,0.03562,0.0,0.0,0.0,0.0,0.03467,0.0
handsome,0.0,0.04128,0.0,0.0,0.0,0.0,0.0,0.18211
happen,0.0,0.0,0.0,0.04724,0.0,0.0,0.0,0.0
happened,0.0,0.0,0.0,0.0,0.0,0.0,0.08035,0.0607
happening,0.0,0.0,0.0,0.0,0.0,0.0,0.04794,0.0
happens,0.0,0.0,0.0,0.0,0.0,0.0,0.04794,0.0
happiness,0.0,0.0,0.0,0.04724,0.0,0.0,0.0,0.0
hard,0.0,0.0,0.0446,0.03959,0.0,0.0,0.0,0.0
harmed,0.0,0.0,0.0,0.0,0.05475,0.0,0.0,0.0
hatch,0.0,0.0,0.05322,0.0,0.0,0.0,0.0,0.0
hatched,0.0,0.0,0.10644,0.0,0.0,0.0,0.0,0.0
hate,0.0,0.0,0.0,0.0,0.0,0.04765,0.0,0.0
having,0.0,0.0,0.0,0.04724,0.0,0.0,0.0,0.0
head,0.04189,0.0,0.0,0.0,0.0,0.0,0.04017,0.0
health,0.04999,0.0,0.0,0.0,0.0,0.0,0.0,0.0
heard,0.0,0.04128,0.0,0.0,0.0,0.0,0.12052,0.0
hearing,0.0,0.0,0.10644,0.0,0.0,0.0,0.0,0.0
heartless,0.0,0.0,0.0,0.04724,0.0,0.0,0.0,0.0
heaven,0.0,0.0,0.0,0.0,0.0,0.0,0.0,0.07243
held,0.04999,0.0,0.0,0.0,0.0,0.0,0.0,0.0
help,0.04999,0.0,0.0,0.0,0.0,0.0,0.0,0.0
helping,0.0,0.0,0.0,0.0,0.05475,0.0,0.0,0.0
hens,0.0,0.0,0.05322,0.0,0.0,0.0,0.0,0.0
heron,0.0,0.0,0.0,0.0,0.0,0.38121,0.0,0.0
herons,0.0,0.0,0.0,0.0,0.0,0.04765,0.0,0.0
hey,0.0,0.0,0.0,0.0,0.0,0.0,0.09587,0.0
hidden,0.0,0.0,0.0,0.0,0.0,0.04765,0.0,0.0
hide,0.0,0.0,0.0,0.04724,0.0,0.0,0.0,0.0
hiding,0.04999,0.0,0.0,0.0,0.0,0.0,0.0,0.0
hips,0.0,0.0,0.0,0.0,0.0,0.0,0.0,0.07243
hls,0.0,0.0,0.0,0.0,0.0,0.0,0.0,0.14486
holding,0.0,0.0,0.0,0.0,0.0,0.0,0.04794,0.0
hole,0.0,0.0,0.0,0.0,0.0,0.0,0.09587,0.0
home,0.0,0.0,0.0,0.0,0.0,0.04765,0.0,0.0
honour,0.0,0.0985,0.0,0.0,0.0,0.0,0.0,0.0
horror,0.0,0.0,0.0,0.0,0.05475,0.0,0.0,0.0
horse,0.0,0.0,0.05322,0.0,0.0,0.0,0.0,0.0
horses,0.04999,0.0,0.0,0.0,0.0,0.0,0.0,0.0
hospitality,0.04999,0.0,0.0,0.0,0.0,0.0,0.0,0.0
hostile,0.0,0.0,0.05322,0.0,0.0,0.0,0.0,0.0
hour,0.0,0.0,0.0446,0.0,0.0,0.0,0.04017,0.0
hours,0.04189,0.0,0.0,0.0,0.0,0.0,0.0,0.0607
house,0.0,0.0,0.05322,0.0,0.0,0.0,0.0,0.0
huddled,0.04999,0.0,0.0,0.0,0.0,0.0,0.0,0.0
human,0.0,0.0,0.0,0.15836,0.04589,0.0,0.0,0.0
humans,0.0,0.0,0.0,0.04724,0.0,0.0,0.0,0.0
humble,0.04999,0.0,0.0,0.0,0.0,0.0,0.0,0.0
humbly,0.04999,0.0,0.0,0.0,0.0,0.0,0.0,0.0
hurried,0.0,0.04925,0.0,0.0,0.0,0.0,0.0,0.0
hurry,0.0,0.0,0.0,0.0,0.05475,0.0,0.0,0.0
hurt,0.0,0.0,0.0,0.0,0.0,0.0,0.04794,0.0
ignore,0.0,0.0,0.0,0.04724,0.0,0.0,0.0,0.0
image,0.0,0.0,0.0,0.0,0.0,0.0,0.0,0.07243
impatiently,0.0,0.0,0.05322,0.0,0.0,0.0,0.0,0.0
individual,0.0,0.0,0.0,0.0,0.05475,0.0,0.0,0.0
innocent,0.0,0.0,0.0,0.0,0.05475,0.0,0.0,0.0
insulted,0.0,0.04925,0.0,0.0,0.0,0.0,0.0,0.0
intention,0.0,0.0,0.0,0.0,0.0,0.04765,0.0,0.0
interested,0.0,0.0,0.0,0.0,0.0,0.0,0.04794,0.0
interests,0.0,0.0,0.0,0.0,0.0,0.04765,0.0,0.0
invalid,0.0,0.0,0.0,0.0,0.05475,0.0,0.0,0.0
invent,0.0,0.04925,0.0,0.0,0.0,0.0,0.0,0.0
invented,0.0,0.04925,0.0,0.0,0.0,0.0,0.0,0.0
involved,0.0,0.0,0.0,0.0,0.05475,0.0,0.0,0.0
jail,0.0,0.0,0.0,0.0,0.05475,0.0,0.0,0.0
japan,0.04999,0.0,0.0,0.0,0.0,0.0,0.0,0.0
jeffrey,0.0,0.0,0.0,0.0,0.49279,0.0,0.0,0.0
joker,0.0,0.04925,0.0,0.0,0.0,0.0,0.0,0.0
jokes,0.0,0.04925,0.0,0.0,0.0,0.0,0.0,0.0
jonathan,0.0,0.0,0.0,0.0,0.49279,0.0,0.0,0.0
journey,0.04189,0.0,0.0446,0.0,0.0,0.0,0.0,0.0
judge,0.0,0.0,0.21287,0.0,0.0,0.0,0.0,0.0
just,0.0,0.03123,0.0,0.26958,0.0,0.03021,0.09119,0.0
keen,0.0,0.0,0.0,0.0,0.0,0.04765,0.0,0.0
kellogg,0.0,0.0,0.0,0.0,0.05475,0.0,0.0,0.0
kept,0.0,0.0,0.0,0.0,0.0,0.0,0.04794,0.0
kevin,0.0,0.0,0.0,0.0,0.10951,0.0,0.0,0.0
kill,0.0,0.0,0.0,0.0,0.05475,0.0,0.0,0.0
kind,0.0,0.0,0.0,0.0,0.0,0.0,0.04794,0.0
kinda,0.0,0.0,0.0,0.0,0.0,0.0,0.04794,0.0
kingdom,0.0,0.04925,0.0,0.0,0.0,0.0,0.0,0.0
kiss,0.0,0.0,0.0,0.0,0.0,0.0,0.0,0.14486
kitchen,0.0,0.0,0.0,0.0,0.0,0.0,0.04794,0.0
knocked,0.0,0.0,0.05322,0.0,0.0,0.0,0.0,0.0
know,0.0,0.0,0.0,0.27713,0.0,0.03994,0.0,0.0
known,0.0,0.04925,0.0,0.0,0.0,0.0,0.0,0.0
laden,0.0,0.0,0.05322,0.0,0.0,0.0,0.0,0.0
laid,0.0,0.0,0.05322,0.0,0.0,0.0,0.0,0.0
lakeside,0.0,0.0,0.0,0.0,0.0,0.04765,0.0,0.0
large,0.04189,0.0,0.0446,0.0,0.0,0.0,0.0,0.0
late,0.0,0.0,0.05322,0.0,0.0,0.0,0.0,0.0
later,0.0723,0.0,0.03849,0.0,0.0,0.03446,0.0,0.0
latest,0.0,0.0,0.0,0.0,0.0,0.04765,0.0,0.0
laughter,0.0,0.04925,0.0,0.0,0.0,0.0,0.0,0.0
law,0.0,0.0,0.0,0.0,0.05475,0.0,0.0,0.0
lay,0.09997,0.0,0.0,0.0,0.0,0.0,0.0,0.0
lazy,0.0,0.0,0.0,0.04724,0.0,0.0,0.0,0.0
lead,0.0,0.0,0.0,0.09448,0.0,0.0,0.0,0.0
leader,0.09997,0.0,0.0,0.0,0.0,0.0,0.0,0.0
leant,0.0,0.0,0.0,0.0,0.0,0.0,0.0,0.07243
learn,0.0,0.0,0.0,0.07918,0.04589,0.0,0.0,0.0
left,0.0,0.0,0.0,0.0,0.0,0.04765,0.0,0.0
leftovers,0.04999,0.0,0.0,0.0,0.0,0.0,0.0,0.0
legs,0.0,0.0,0.0,0.0,0.0,0.0,0.04794,0.0
leona,0.0,0.0,0.0,0.0,0.10951,0.0,0.0,0.0
let,0.0723,0.03562,0.0,0.06833,0.0,0.0,0.0,0.0
letting,0.0,0.0,0.0,0.0,0.0,0.04765,0.0,0.0
lie,0.0,0.0,0.0,0.0,0.0,0.0,0.0,0.07243
life,0.0,0.0,0.0,0.11877,0.0,0.0,0.04017,0.0
light,0.0,0.0,0.0,0.0,0.04589,0.0,0.08035,0.0
like,0.06339,0.0,0.0,0.08986,0.03472,0.0,0.21277,0.0
liqueur,0.04999,0.0,0.0,0.0,0.0,0.0,0.0,0.0
littered,0.0,0.0,0.0,0.0,0.0,0.04765,0.0,0.0
little,0.0,0.0,0.03849,0.06833,0.0,0.0,0.03467,0.0
live,0.0,0.0,0.0,0.09448,0.0,0.0,0.0,0.0
lived,0.03615,0.03562,0.0,0.0,0.0,0.0,0.0,0.05238
lives,0.0,0.0,0.0,0.03959,0.04589,0.0,0.0,0.0
living,0.0,0.0,0.0,0.04724,0.0,0.0,0.0,0.0
ll,0.06339,0.0,0.0,0.05991,0.03472,0.12086,0.0,0.0
llvlng,0.0,0.0,0.0,0.0,0.0,0.0,0.0,0.07243
loathed,0.0,0.0,0.0,0.0,0.0,0.04765,0.0,0.0
long,0.0,0.0,0.0,0.03959,0.04589,0.0,0.0,0.0
longer,0.04999,0.0,0.0,0.0,0.0,0.0,0.0,0.0
look,0.0,0.04128,0.0,0.0,0.0,0.0,0.0,0.0607
looked,0.0,0.0,0.0,0.0,0.0,0.0,0.14381,0.0
looks,0.0,0.0,0.0,0.0,0.05475,0.0,0.0,0.0
loss,0.0,0.0,0.0,0.18896,0.0,0.0,0.0,0.0
lost,0.0,0.0,0.03849,0.0,0.0,0.03446,0.0,0.10476
loudly,0.0,0.04925,0.0,0.0,0.0,0.0,0.0,0.0
love,0.0,0.0,0.0,0.0,0.04589,0.0,0.0,0.12141
low,0.0,0.04925,0.0,0.0,0.0,0.0,0.0,0.0
lucid,0.0,0.0,0.0,0.0,0.0,0.0,0.04794,0.0
lunch,0.0,0.0,0.0,0.0,0.0,0.04765,0.0,0.0
machine,0.0,0.0,0.0,0.2362,0.0,0.0,0.0,0.0
majesty,0.04999,0.0,0.0,0.0,0.0,0.0,0.0,0.0
make,0.0,0.0,0.0,0.0,0.0,0.03994,0.04017,0.0
making,0.0,0.04925,0.0,0.0,0.0,0.0,0.0,0.0
man,0.0,0.03562,0.03849,0.0,0.0,0.0,0.0,0.05238
manage,0.0,0.0,0.0,0.04724,0.0,0.0,0.0,0.0
managed,0.04999,0.0,0.0,0.0,0.0,0.0,0.0,0.0
manipulate,0.0,0.0,0.0,0.0,0.05475,0.0,0.0,0.0
manipulated,0.0,0.0,0.0,0.0,0.05475,0.0,0.0,0.0
mankind,0.0,0.0,0.0,0.0,0.0,0.0,0.0,0.07243
marauding,0.04999,0.0,0.0,0.0,0.0,0.0,0.0,0.0
matter,0.0,0.0,0.05322,0.0,0.0,0.0,0.0,0.0
maybe,0.0,0.0,0.0,0.0,0.0,0.03994,0.08035,0.0
meal,0.04999,0.0,0.0,0.0,0.0,0.0,0.0,0.0
meals,0.0,0.0,0.0,0.0,0.0,0.04765,0.0,0.0
means,0.0,0.0,0.0,0.0,0.05475,0.0,0.0,0.0
meeting,0.0,0.0,0.0,0.0,0.0,0.04765,0.0,0.0
men,0.19994,0.0,0.0,0.0,0.0,0.0,0.0,0.0
merchant,0.0,0.0,0.21287,0.0,0.0,0.0,0.0,0.0
met,0.0,0.0,0.0,0.03959,0.0,0.0,0.04017,0.0
minds,0.0,0.0,0.0,0.0,0.05475,0.0,0.0,0.0
mirror,0.0,0.0,0.0,0.04724,0.0,0.0,0.0,0.0
mirrored,0.0,0.0,0.0,0.0,0.0,0.0,0.0,0.07243
miserable,0.0,0.0,0.05322,0.0,0.0,0.0,0.0,0.0
misery,0.04999,0.0,0.0,0.0,0.0,0.0,0.0,0.0
mock,0.0,0.0,0.0,0.0,0.0,0.04765,0.0,0.0
molested,0.0,0.0,0.0,0.0,0.05475,0.0,0.0,0.0
moment,0.0,0.0,0.0,0.04724,0.0,0.0,0.0,0.0
money,0.0,0.0,0.0,0.04724,0.0,0.0,0.0,0.0
monozygotic,0.0,0.0,0.0,0.0,0.05475,0.0,0.0,0.0
monsters,0.0,0.0,0.0,0.0,0.0,0.0,0.04794,0.0
mop,0.0,0.0,0.0,0.0,0.0,0.0,0.0,0.07243
mother,0.0,0.0,0.0,0.0,0.05475,0.0,0.0,0.0
mountain,0.16757,0.0,0.0,0.0,0.0,0.0,0.0,0.0607
mountains,0.0,0.0,0.0,0.0,0.0,0.0,0.0,0.07243
mournlng,0.04999,0.0,0.0,0.0,0.0,0.0,0.0,0.0
mouth,0.0,0.04128,0.0,0.0,0.0,0.0,0.04017,0.0
murder,0.0,0.0,0.0,0.0,0.05475,0.0,0.0,0.0
murdered,0.04999,0.0,0.0,0.0,0.0,0.0,0.0,0.0
mysterious,0.0,0.0,0.0,0.0,0.05475,0.0,0.0,0.0
names,0.0,0.0,0.0,0.0,0.05475,0.0,0.0,0.0
narcissus,0.0,0.0,0.0,0.0,0.0,0.0,0.0,0.57945
nearby,0.04999,0.0,0.0,0.0,0.0,0.0,0.0,0.0
neck,0.0,0.0,0.0,0.0,0.0,0.14295,0.0,0.0
needed,0.04999,0.0,0.0,0.0,0.0,0.0,0.0,0.0
nets,0.0,0.0,0.0,0.0,0.0,0.04765,0.0,0.0
news,0.0,0.0,0.0446,0.0,0.0,0.03994,0.0,0.0
night,0.0,0.0,0.0,0.03959,0.0,0.0,0.1607,0.0
noise,0.0,0.0,0.0,0.0,0.0,0.0,0.04794,0.0
nose,0.0,0.0,0.0,0.0,0.0,0.0,0.0,0.07243
noticed,0.0,0.0,0.0,0.0,0.0,0.0953,0.0,0.0
obtained,0.0,0.0,0.05322,0.0,0.0,0.0,0.0,0.0
offer,0.04189,0.0,0.0,0.0,0.0,0.03994,0.0,0.0
old,0.32534,0.0,0.03849,0.0,0.0,0.03446,0.0,0.0
open,0.0,0.04925,0.0,0.0,0.0,0.0,0.0,0.0
opened,0.0,0.0,0.0,0.0,0.0,0.0,0.04794,0.0
ordered,0.0,0.04128,0.0446,0.0,0.0,0.0,0.0,0.0
outside,0.04999,0.0,0.0,0.0,0.0,0.0,0.0,0.0
oval,0.0,0.0,0.0,0.0,0.0,0.0,0.0,0.07243
overcome,0.0,0.0,0.0,0.0,0.05475,0.0,0.0,0.0
overcoming,0.0,0.0,0.0,0.0,0.05475,0.0,0.0,0.0
overwhelmed,0.0,0.04925,0.0,0.0,0.0,0.0,0.0,0.0
palace,0.0,0.04925,0.0,0.0,0.0,0.0,0.0,0.0
pan,0.0,0.0,0.0,0.0,0.0,0.04765,0.0,0.0
pass,0.0,0.0,0.0,0.0,0.0,0.0,0.0,0.07243
passed,0.04999,0.0,0.0,0.0,0.0,0.0,0.0,0.0
path,0.0,0.0,0.0,0.0,0.0,0.0,0.04794,0.0
pay,0.0,0.0,0.0446,0.0,0.04589,0.0,0.0,0.0
payment,0.0,0.04128,0.0892,0.0,0.0,0.0,0.0,0.0
peasant,0.0,0.0,0.05322,0.0,0.0,0.0,0.0,0.0
people,0.0,0.07124,0.0,0.20498,0.19799,0.0,0.0,0.0
perfect,0.0,0.0,0.0,0.0,0.0,0.0,0.0,0.14486
perfectly,0.0,0.0,0.05322,0.0,0.0,0.0,0.0,0.0
perp,0.0,0.0,0.0,0.0,0.05475,0.0,0.0,0.0
person,0.0,0.04128,0.0,0.11877,0.0,0.0,0.0,0.0
picked,0.0,0.04925,0.0,0.0,0.0,0.0,0.0,0.0
pieces,0.0,0.0,0.05322,0.0,0.0,0.0,0.0,0.0
piled,0.04999,0.0,0.0,0.0,0.0,0.0,0.0,0.0
pilgrims,0.09997,0.0,0.0,0.0,0.0,0.0,0.0,0.0
place,0.04189,0.0,0.0,0.0,0.04589,0.0,0.0,0.0
planted,0.0,0.0,0.05322,0.0,0.0,0.0,0.0,0.0
plate,0.0,0.0,0.05322,0.0,0.0,0.0,0.0,0.0
plot,0.0,0.0,0.05322,0.0,0.0,0.0,0.0,0.0
plumper,0.0,0.0,0.0,0.0,0.0,0.04765,0.0,0.0
poem,0.0,0.19701,0.0,0.0,0.0,0.0,0.0,0.0
poet,0.0,0.04925,0.0,0.0,0.0,0.0,0.0,0.0
point,0.0,0.03562,0.03849,0.03416,0.0,0.0,0.0,0.0
pointed,0.0,0.0985,0.0,0.0,0.0,0.0,0.0,0.0
poison,0.04999,0.0,0.0,0.0,0.0,0.0,0.0,0.0
police,0.0,0.0,0.0,0.0,0.05475,0.0,0.0,0.0
pond,0.0,0.0,0.0,0.0,0.0,0.28591,0.0,0.0
pool,0.0,0.0,0.0,0.0,0.0,0.0,0.0,0.14486
poor,0.04999,0.0,0.0,0.0,0.0,0.0,0.0,0.0
potent,0.04999,0.0,0.0,0.0,0.0,0.0,0.0,0.0
powerful,0.0,0.04925,0.0,0.0,0.0,0.0,0.0,0.0
powers,0.0,0.0,0.0,0.0,0.0,0.0,0.04794,0.0
praise,0.0,0.04925,0.0,0.0,0.0,0.0,0.0,0.0
precipice,0.0,0.0,0.0,0.0,0.0,0.0,0.0,0.07243
pressure,0.0,0.0,0.0,0.0,0.0,0.0,0.04794,0.0
pretended,0.0,0.0,0.0,0.0,0.0,0.04765,0.0,0.0
pretty,0.0,0.0,0.0,0.0,0.0,0.0,0.04794,0.0
price,0.0,0.0,0.0,0.0,0.05475,0.0,0.0,0.0
profit,0.0,0.0,0.0,0.14172,0.0,0.0,0.0,0.0
promptly,0.0,0.0,0.05322,0.0,0.0,0.0,0.0,0.0
protagonists,0.0,0.0,0.0,0.0,0.05475,0.0,0.0,0.0
proud,0.0,0.0,0.0,0.0,0.0,0.0,0.0,0.07243
prove,0.0,0.0,0.0,0.0,0.05475,0.0,0.0,0.0
pulled,0.0,0.0,0.0,0.0,0.0,0.0,0.04794,0.0
punish,0.0,0.04925,0.0,0.0,0.0,0.0,0.0,0.0
pushing,0.0,0.0,0.0,0.0,0.0,0.0,0.04794,0.0
quarter,0.0,0.0,0.05322,0.0,0.0,0.0,0.0,0.0
quickly,0.0,0.0,0.0,0.0,0.0,0.04765,0.0,0.0
quite,0.0,0.04128,0.0,0.0,0.0,0.03994,0.0,0.0
raika,0.04999,0.0,0.0,0.0,0.0,0.0,0.0,0.0
raiko,0.29991,0.0,0.0,0.0,0.0,0.0,0.0,0.0
rate,0.0,0.0,0.0,0.0,0.0,0.04765,0.0,0.0
reached,0.04189,0.04128,0.0,0.0,0.0,0.0,0.0,0.0
read,0.0,0.0,0.0,0.04724,0.0,0.0,0.0,0.0
real,0.0,0.0,0.0,0.0,0.05475,0.0,0.0,0.0
really,0.0,0.0,0.0,0.04724,0.0,0.0,0.0,0.0
receiving,0.0,0.0,0.0,0.04724,0.0,0.0,0.0,0.0
recite,0.0,0.0985,0.0,0.0,0.0,0.0,0.0,0.0
recited,0.0,0.04925,0.0,0.0,0.0,0.0,0.0,0.0
reflection,0.0,0.0,0.0,0.0,0.0,0.0,0.0,0.21729
refused,0.0,0.0,0.05322,0.0,0.0,0.0,0.0,0.0
remaining,0.04999,0.0,0.0,0.0,0.0,0.0,0.0,0.0
remember,0.0,0.0,0.0,0.04724,0.0,0.0,0.0,0.0
replied,0.0723,0.0,0.0,0.0,0.0,0.03446,0.03467,0.0
rescued,0.0,0.0,0.0,0.0,0.0,0.0953,0.0,0.0
rest,0.0,0.0,0.0,0.0,0.05475,0.0,0.0,0.0
result,0.0,0.0,0.0,0.04724,0.0,0.0,0.0,0.0
retorted,0.0,0.0,0.05322,0.0,0.0,0.0,0.0,0.0
returned,0.0,0.0,0.0446,0.0,0.0,0.03994,0.0,0.0
revenge,0.0,0.0,0.0,0.0,0.05475,0.0,0.0,0.0
reward,0.0,0.0985,0.0,0.0,0.0,0.0,0.0,0.0
rice,0.04999,0.0,0.0,0.0,0.0,0.0,0.0,0.0
rich,0.0,0.0,0.05322,0.0,0.0,0.0,0.0,0.0
riding,0.0,0.0,0.05322,0.0,0.0,0.0,0.0,0.0
right,0.0,0.0,0.05322,0.0,0.0,0.0,0.0,0.0
roar,0.0,0.04925,0.0,0.0,0.0,0.0,0.0,0.0
robbers,0.29991,0.0,0.0,0.0,0.0,0.0,0.0,0.0
robes,0.0,0.04925,0.0,0.0,0.0,0.0,0.0,0.0
rolling,0.0,0.0,0.0,0.0,0.0,0.0,0.04794,0.0
rose,0.04999,0.0,0.0,0.0,0.0,0.0,0.0,0.0
rubbed,0.0,0.04925,0.0,0.0,0.0,0.0,0.0,0.0
ruins,0.04999,0.0,0.0,0.0,0.0,0.0,0.0,0.0
ruler,0.0,0.04925,0.0,0.0,0.0,0.0,0.0,0.0
rumour,0.0,0.0,0.0,0.0,0.0,0.04765,0.0,0.0
rush,0.0,0.04925,0.0,0.0,0.0,0.0,0.0,0.0
saddle,0.0,0.19701,0.0,0.0,0.0,0.0,0.0,0.0
saddles,0.0,0.04925,0.0,0.0,0.0,0.0,0.0,0.0
safe,0.0,0.0,0.0,0.0,0.0,0.0953,0.0,0.0
said,0.14028,0.05529,0.02987,0.0,0.0,0.10698,0.05381,0.0
sake,0.09997,0.0,0.0,0.0,0.0,0.0,0.0,0.0
samurai,0.24993,0.0,0.0,0.0,0.0,0.0,0.0,0.0
satan,0.0,0.0,0.0,0.0,0.0,0.0,0.04794,0.0
saw,0.0,0.04128,0.0,0.0,0.0,0.03994,0.0,0.0
say,0.0,0.0,0.03849,0.0,0.0,0.03446,0.06934,0.0
saying,0.08378,0.0,0.0,0.03959,0.0,0.0,0.0,0.0
scared,0.0,0.0,0.0,0.0,0.0,0.0953,0.0,0.0
scares,0.0,0.0,0.0,0.04724,0.0,0.0,0.0,0.0
scented,0.0,0.0,0.0,0.0,0.0,0.0,0.0,0.07243
school,0.0,0.0,0.0,0.04724,0.0,0.0,0.0,0.0
scornfully,0.04999,0.0,0.0,0.0,0.0,0.0,0.0,0.0
scraped,0.0,0.04925,0.0,0.0,0.0,0.0,0.0,0.0
scraps,0.04999,0.0,0.0,0.0,0.0,0.0,0.0,0.0
sculptor,0.0,0.0,0.0,0.0,0.0,0.0,0.0,0.07243
scuttled,0.0,0.0,0.0,0.0,0.0,0.04765,0.0,0.0
second,0.04999,0.0,0.0,0.0,0.0,0.0,0.0,0.0
seek,0.0,0.0,0.0446,0.0,0.04589,0.0,0.0,0.0
seeking,0.0,0.0,0.0,0.0,0.05475,0.0,0.0,0.0
seen,0.0,0.0,0.0,0.04724,0.0,0.0,0.0,0.0
sees,0.0,0.0,0.0,0.0,0.05475,0.0,0.0,0.0
seized,0.0,0.0,0.0,0.0,0.0,0.0,0.0,0.07243
self,0.0,0.0,0.0,0.11877,0.0,0.0,0.04017,0.0
sent,0.09997,0.0,0.0,0.0,0.0,0.0,0.0,0.0
servant,0.0,0.0,0.05322,0.0,0.0,0.0,0.0,0.0
served,0.09997,0.0,0.0,0.0,0.0,0.0,0.0,0.0
set,0.04189,0.0,0.0,0.0,0.04589,0.0,0.0,0.0
seven,0.20946,0.0,0.1338,0.0,0.0,0.0,0.0,0.0
shall,0.0,0.04128,0.0,0.0,0.0,0.03994,0.0,0.0
sheet,0.0,0.0,0.0,0.0,0.0,0.0,0.0,0.07243
shields,0.04999,0.0,0.0,0.0,0.0,0.0,0.0,0.0
shower,0.0,0.0,0.0,0.0,0.0,0.0,0.04794,0.0
shrine,0.0,0.0,0.0,0.0,0.0,0.0,0.04794,0.0
sides,0.0,0.0,0.0,0.09448,0.0,0.0,0.0,0.0
sighed,0.04999,0.0,0.0,0.0,0.0,0.0,0.0,0.0
sign,0.0,0.0,0.05322,0.0,0.0,0.0,0.0,0.0
silver,0.0,0.0,0.15965,0.0,0.0,0.0,0.0,0.0
single,0.0,0.04925,0.0,0.0,0.0,0.0,0.0,0.0
sire,0.0,0.04925,0.0,0.0,0.0,0.0,0.0,0.0
sitting,0.0,0.0,0.0,0.04724,0.0,0.0,0.0,0.0
sleep,0.0,0.0,0.0,0.0,0.0,0.0,0.14381,0.0
slender,0.0,0.0,0.0,0.0,0.0,0.0,0.0,0.07243
slept,0.0,0.0,0.0,0.0,0.0,0.0,0.09587,0.0
slim,0.0,0.0,0.0,0.0,0.0,0.0,0.0,0.07243
slow,0.0,0.0,0.0,0.0,0.0,0.04765,0.0,0.0
smoking,0.04999,0.0,0.0,0.0,0.0,0.0,0.0,0.0
snap,0.0,0.0,0.0,0.0,0.0,0.04765,0.0,0.0
soldiers,0.04999,0.0,0.0,0.0,0.0,0.0,0.0,0.0
soon,0.0,0.0,0.03849,0.0,0.0396,0.03446,0.0,0.0
sorry,0.0,0.0,0.0,0.0,0.0,0.0,0.04794,0.0
sorts,0.0,0.04925,0.0,0.0,0.0,0.0,0.0,0.0
sound,0.0,0.04925,0.0,0.0,0.0,0.0,0.0,0.0
spending,0.0,0.0,0.0,0.0,0.05475,0.0,0.0,0.0
splendour,0.0,0.04925,0.0,0.0,0.0,0.0,0.0,0.0
spoil,0.0,0.0,0.0,0.04724,0.0,0.0,0.0,0.0
spoils,0.04999,0.0,0.0,0.0,0.0,0.0,0.0,0.0
spontaneous,0.0,0.0,0.0,0.0,0.05475,0.0,0.0,0.0
spread,0.0,0.0,0.05322,0.0,0.0,0.0,0.0,0.0
spring,0.0,0.0,0.0,0.0,0.0,0.0,0.0,0.07243
stairs,0.0,0.0,0.0,0.0,0.0,0.0,0.04794,0.0
stand,0.0,0.0,0.0,0.04724,0.0,0.0,0.0,0.0
standing,0.0,0.0,0.0,0.0,0.05475,0.0,0.0,0.0
started,0.0,0.0,0.0,0.0,0.0,0.0,0.14381,0.0
stay,0.04999,0.0,0.0,0.0,0.0,0.0,0.0,0.0
stayed,0.0,0.0,0.0,0.0,0.0,0.0,0.04794,0.0
stiff,0.0,0.0,0.0,0.0,0.0,0.0953,0.0,0.0
stole,0.04999,0.0,0.0,0.0,0.0,0.0,0.0,0.0
stolen,0.04999,0.0,0.0,0.0,0.0,0.0,0.0,0.0
stop,0.0,0.0,0.0,0.0,0.0,0.0,0.19175,0.0
stopped,0.0,0.0,0.0,0.0,0.05475,0.0,0.0,0.0
storms,0.04999,0.0,0.0,0.0,0.0,0.0,0.0,0.0
story,0.0,0.0,0.0,0.0,0.16426,0.0,0.0,0.0
straight,0.0,0.0,0.05322,0.0,0.0,0.0,0.0,0.0
strange,0.0,0.0,0.0,0.0,0.0,0.04765,0.0,0.0
stream,0.0,0.04925,0.0,0.0,0.0,0.0,0.0,0.0
street,0.0,0.04925,0.0,0.0,0.0,0.0,0.0,0.0
strength,0.0,0.04925,0.0,0.0,0.0,0.0,0.0,0.0
stretched,0.0,0.04925,0.0,0.0,0.0,0.0,0.0,0.0
subjects,0.0,0.04925,0.0,0.0,0.0,0.0,0.0,0.0
submit,0.04999,0.0,0.0,0.0,0.0,0.0,0.0,0.0
sudden,0.0,0.0,0.0,0.0,0.0,0.0,0.04794,0.0
suddenly,0.0,0.0,0.0,0.0,0.09178,0.0,0.0,0.0607
sultan,0.0,0.54178,0.0,0.0,0.0,0.0,0.0,0.0
sum,0.0,0.0,0.05322,0.0,0.0,0.0,0.0,0.0
summit,0.04999,0.0,0.0,0.0,0.0,0.0,0.0,0.0
sun,0.0,0.04128,0.0,0.03959,0.0,0.0,0.0,0.0
super,0.0,0.0,0.0,0.0,0.0,0.0,0.04794,0.0
sure,0.0,0.0,0.0,0.0,0.0,0.0,0.04794,0.0
surprise,0.0,0.0,0.0,0.0,0.0,0.0,0.04794,0.0
surrounded,0.0,0.0,0.0,0.0,0.0,0.0,0.09587,0.0
survival,0.0,0.0,0.0,0.0,0.05475,0.0,0.0,0.0
survive,0.0,0.0,0.0,0.0,0.05475,0.0,0.0,0.0
suspicion,0.0,0.0,0.0,0.0,0.05475,0.0,0.0,0.0
suspicious,0.0,0.0,0.0,0.0,0.05475,0.0,0.0,0.0
swim,0.0,0.0,0.0,0.0,0.0,0.0,0.0,0.07243
sword,0.04999,0.0,0.0,0.0,0.0,0.0,0.0,0.0
swords,0.04999,0.0,0.0,0.0,0.0,0.0,0.0,0.0
taken,0.0,0.0,0.05322,0.0,0.0,0.0,0.0,0.0
takes,0.0,0.0,0.0,0.0,0.05475,0.0,0.0,0.0
tale,0.0,0.0,0.0,0.0,0.10951,0.0,0.0,0.0
tales,0.0,0.04925,0.0,0.0,0.0,0.0,0.0,0.0
telekinetic,0.0,0.0,0.0,0.0,0.05475,0.0,0.0,0.0
telepathy,0.0,0.0,0.0,0.0,0.05475,0.0,0.0,0.0
tell,0.0,0.03562,0.0,0.03416,0.0,0.06892,0.0,0.0
telling,0.04999,0.0,0.0,0.0,0.0,0.0,0.0,0.0
tempest,0.0,0.04925,0.0,0.0,0.0,0.0,0.0,0.0
test,0.0,0.0,0.0,0.04724,0.0,0.0,0.0,0.0
thank,0.0,0.04925,0.0,0.0,0.0,0.0,0.0,0.0
thanking,0.0,0.04925,0.0,0.0,0.0,0.0,0.0,0.0
thanks,0.04999,0.0,0.0,0.0,0.0,0.0,0.0,0.0
thats,0.0,0.0,0.0,0.04724,0.0,0.0,0.0,0.0
thing,0.0,0.0,0.0,0.09448,0.0,0.0,0.0,0.0
things,0.0,0.0,0.0,0.0,0.0,0.0,0.14381,0.0
think,0.0,0.0,0.0,0.17082,0.0,0.0,0.03467,0.05238
thinking,0.0,0.04128,0.0,0.0,0.0,0.0,0.08035,0.0
thinks,0.0,0.0,0.0,0.04724,0.0,0.0,0.0,0.0
thought,0.0,0.0,0.0,0.03416,0.0,0.03446,0.104,0.0
thoughts,0.0,0.0,0.0,0.0,0.05475,0.0,0.0,0.0
threw,0.04999,0.0,0.0,0.0,0.0,0.0,0.0,0.0
tightly,0.0,0.0,0.0,0.0,0.0,0.04765,0.0,0.0
till,0.0,0.0,0.0,0.0,0.0,0.04765,0.0,0.0
time,0.08417,0.05529,0.08961,0.0,0.0,0.05349,0.0,0.04065
times,0.0,0.0,0.0,0.18896,0.0,0.0,0.0,0.0
tired,0.0,0.0,0.0,0.0,0.0,0.04765,0.0,0.0
tobias,0.0,0.0,0.0,0.0,0.05475,0.0,0.0,0.0
today,0.04999,0.0,0.0,0.0,0.0,0.0,0.0,0.0
told,0.0,0.03123,0.0,0.0,0.0,0.03021,0.0304,0.04593
tongue,0.0,0.0,0.0,0.0,0.0,0.04765,0.0,0.0
toppled,0.0,0.0,0.0,0.0,0.0,0.0,0.0,0.07243
tree,0.0,0.0,0.0,0.0,0.0,0.0,0.04794,0.0
tried,0.0,0.0,0.0,0.0,0.0,0.0,0.09587,0.0
trips,0.0,0.0,0.0,0.0,0.0,0.04765,0.0,0.0
trouble,0.04189,0.0,0.0,0.0,0.04589,0.0,0.0,0.0
troubles,0.0,0.0,0.0,0.0,0.05475,0.0,0.0,0.0
true,0.0,0.0,0.0,0.09448,0.0,0.0,0.0,0.0
truely,0.0,0.0,0.0,0.04724,0.0,0.0,0.0,0.0
trust,0.0,0.0,0.0,0.0,0.0,0.04765,0.0,0.0
try,0.0,0.0,0.0,0.0,0.0,0.04765,0.0,0.0
trying,0.0,0.0,0.0,0.09448,0.0,0.0,0.0,0.0
tummy,0.0,0.0,0.0,0.0,0.0,0.04765,0.0,0.0
turn,0.0,0.0,0.0446,0.0,0.0,0.03994,0.0,0.0
turned,0.0,0.0,0.0,0.0,0.0,0.0,0.0,0.07243
turning,0.0,0.0,0.05322,0.0,0.0,0.0,0.0,0.0
twins,0.0,0.0,0.0,0.0,0.10951,0.0,0.0,0.0
typing,0.0,0.0,0.0,0.0,0.0,0.0,0.04794,0.0
ultimate,0.0,0.0,0.0,0.0,0.05475,0.0,0.0,0.0
unexpected,0.0,0.04925,0.0,0.0,0.0,0.0,0.0,0.0
unless,0.0,0.0,0.0,0.0,0.05475,0.0,0.0,0.0
upstairs,0.0,0.0,0.0,0.0,0.0,0.0,0.04794,0.0
use,0.0,0.0,0.0,0.0,0.0,0.04765,0.0,0.0
ve,0.03169,0.06246,0.0,0.26958,0.0,0.03021,0.0,0.0
victim,0.0,0.0,0.0,0.0,0.05475,0.0,0.0,0.0
village,0.04189,0.0,0.1338,0.0,0.0,0.0,0.0,0.0
villages,0.04999,0.0,0.0,0.0,0.0,0.0,0.0,0.0
voice,0.0,0.04128,0.0,0.0,0.0,0.0,0.08035,0.0
volce,0.0,0.0,0.0,0.0,0.0,0.04765,0.0,0.0
waist,0.0,0.0,0.0,0.0,0.0,0.0,0.04794,0.0
waited,0.0,0.0,0.05322,0.0,0.0,0.0,0.0,0.0
wake,0.0,0.0,0.0,0.0,0.0,0.0,0.04794,0.0
walked,0.0,0.0,0.0,0.0,0.0,0.0,0.04794,0.0
walking,0.0,0.0,0.0,0.03416,0.0,0.0,0.03467,0.05238
want,0.0,0.0,0.0,0.31672,0.0,0.03994,0.0,0.0
wants,0.0,0.0,0.0,0.04724,0.0,0.0,0.0,0.0
wasn,0.0,0.0,0.0,0.0,0.0,0.0,0.04794,0.0
watched,0.04999,0.0,0.0,0.0,0.0,0.0,0.0,0.0
watching,0.0,0.0,0.0,0.04724,0.0,0.0,0.0,0.0
water,0.0,0.0,0.0,0.0,0.0,0.03994,0.0,0.12141
waters,0.0,0.0,0.0,0.0,0.0,0.0,0.0,0.07243
way,0.02806,0.0,0.02987,0.05303,0.03073,0.05349,0.0,0.0
ways,0.0,0.0,0.0,0.0,0.05475,0.0,0.0,0.0
weeping,0.04999,0.0,0.0,0.0,0.0,0.0,0.0,0.0
weight,0.0,0.0,0.0,0.0,0.0,0.0,0.04794,0.0
weird,0.0,0.0,0.0,0.0,0.0,0.0,0.14381,0.0
went,0.02498,0.02461,0.02659,0.02361,0.0,0.02381,0.09582,0.0
whipping,0.0,0.04925,0.0,0.0,0.0,0.0,0.0,0.0
wield,0.04999,0.0,0.0,0.0,0.0,0.0,0.0,0.0
wil,0.0,0.0,0.0,0.04724,0.0,0.0,0.0,0.0
wind,0.08378,0.04128,0.0,0.0,0.0,0.0,0.0,0.0
windswept,0.04999,0.0,0.0,0.0,0.0,0.0,0.0,0.0
wine,0.04999,0.0,0.0,0.0,0.0,0.0,0.0,0.0
winking,0.0,0.04925,0.0,0.0,0.0,0.0,0.0,0.0
wipe,0.04999,0.0,0.0,0.0,0.0,0.0,0.0,0.0
wisdom,0.0,0.04925,0.0,0.0,0.0,0.0,0.0,0.0
wise,0.0,0.0,0.0,0.0,0.0,0.0,0.04794,0.0
wish,0.0,0.04925,0.0,0.0,0.0,0.0,0.0,0.0
wishes,0.0,0.0,0.0,0.04724,0.0,0.0,0.0,0.0
wits,0.0,0.0,0.0,0.0,0.0,0.04765,0.0,0.0
woke,0.0,0.0,0.0,0.0,0.0,0.0,0.19175,0.0
women,0.04999,0.0,0.0,0.0,0.0,0.0,0.0,0.0
won,0.0,0.0,0.05322,0.0,0.0,0.0,0.0,0.0
word,0.0,0.04925,0.0,0.0,0.0,0.0,0.0,0.0
words,0.0,0.04925,0.0,0.0,0.0,0.0,0.0,0.0
world,0.0,0.0,0.0,0.07918,0.0,0.0,0.0,0.0607
worn,0.04999,0.0,0.0,0.0,0.0,0.0,0.0,0.0
worried,0.04999,0.0,0.0,0.0,0.0,0.0,0.0,0.0
written,0.0,0.0985,0.0,0.0,0.0,0.0,0.0,0.0
wrong,0.0,0.0,0.0,0.04724,0.0,0.0,0.0,0.0
year,0.0,0.0,0.05322,0.0,0.0,0.0,0.0,0.0
years,0.03615,0.0,0.11546,0.0,0.0396,0.0,0.0,0.0
young,0.04189,0.0,0.0,0.0,0.0,0.0,0.0,0.0607
youth,0.0,0.0,0.0,0.0,0.05475,0.0,0.0,0.0
